id,popularity,explicit,availability,track_number,release_date,num_artists,danceability,energy,key,loudness,mode,speechiness,acousticness,instrumentalness,liveness,valence,tempo,duration_ms,time_signature
1QFw2xxyQtgKjlrMCEqsNj,54,False,1,2,2013-01-01,1,0.734,0.809,10,-7.264,0,0.0839,0.0266,0.0,0.0642,0.254,116.024,232147,4
2gYuASHMtye5Y7eIUJzqnX,48,False,79,1,2018-11-09,2,0.606,0.874,6,-4.884,0,0.0271,0.214,0.00587,0.22,0.526,99.998,225187,4
7DWhs53kwWeTfVNwt5wzXB,19,False,3,1,2017-03-17,1,0.607,0.701,6,-8.317,0,0.136,0.0634,5.86e-05,0.104,0.269,86.012,259659,4
6eRPYyh1EPRqDhgb3Nardw,50,False,79,2,2011-12-21,1,0.537,0.596,5,-8.481,0,0.0343,0.276,0.77,0.358,0.109,140.026,375433,4
6tJkq3zUXlEjWluMW9Hdij,48,False,79,12,2019-08-09,1,0.477,0.523,11,-9.213,1,0.141,0.399,0.00044,0.369,0.501,113.196,335067,4
48XkVAagIoQHCsOlJtXUd5,68,False,79,5,2019-08-09,1,0.779,0.516,10,-6.467,0,0.0521,0.148,0.0,0.0492,0.715,120.026,247787,4
2YiqBesMJpszYU6raDOG0R,61,False,79,5,2018-04-18,1,0.551,0.73,7,-7.69,0,0.0274,0.282,0.923,0.148,0.672,126.967,302840,4
7jQhzStt3NoEHRcU7CH9x6,0,False,0,2,2016-10-28,1,0.678,0.714,2,-6.661,1,0.031,0.0823,6.85e-06,0.128,0.738,130.991,202040,4
0UsXVKkvGXcOE1GTZgMNEe,5,False,79,2,2019-02-08,1,0.628,0.609,1,-11.714,0,0.0394,0.0431,0.0118,0.0924,0.543,81.006,223346,4
3wmRmRxdVDiga3lHZfDgO1,14,False,79,1,2018-09-07,1,0.622,0.525,6,-10.255,1,0.0355,0.0173,0.529,0.109,0.385,104.994,218947,4
1eQI12dVlkE9HOuiNB5sRq,38,False,78,7,2019-03-01,1,0.713,0.726,0,-5.193,1,0.442,0.448,0.0,0.108,0.608,187.981,204480,4
2fTXXmPe74Ih491gJ55f0c,50,False,79,2,2019-03-22,1,0.625,0.919,5,-5.207,1,0.036,0.0707,0.0102,0.101,0.381,109.993,237803,4
3QFlpIJd18JNyQbnWQWiph,23,False,79,9,2019-06-07,2,0.641,0.63,10,-8.32,0,0.114,0.282,0.000215,0.446,0.681,171.951,187000,4
4eE4vEaakr3ZnSt1UNfOhz,35,False,78,1,2018-06-29,1,0.638,0.944,2,-9.382,1,0.0351,0.0118,0.787,0.334,0.154,124.004,240000,4
49AUrYH6AwsjfqIvJOiGLL,13,False,79,1,2018-11-03,2,0.734,0.45,0,-10.876,1,0.0452,0.0216,5.49e-06,0.0759,0.321,119.011,282816,4
7KxtOJB8QBHIxQ5SU6EcLk,42,False,79,1,2018-10-05,1,0.616,0.555,9,-7.864,1,0.0353,0.0111,0.0247,0.146,0.113,94.993,191390,4
5uoEaDJsX8aNujkblFPkVT,12,False,5,11,2014-11-24,1,0.579,0.208,11,-8.087,1,0.0259,0.575,0.0,0.0975,0.478,89.948,215120,4
1mpdRO7C19VJdOE7nfltrf,42,False,79,1,2018-03-09,2,0.731,0.628,0,-8.365,0,0.0342,0.177,0.000116,0.0873,0.526,109.993,177547,4
750YUj6lNKIlLWnwF7TxtP,28,False,79,1,2018-07-16,1,0.662,0.794,11,-8.421,0,0.133,0.0798,0.0356,0.234,0.654,116.995,172436,4
1QjKfNGfDuMiVuF8x7cj0R,60,False,79,6,2018-08-31,2,0.788,0.679,1,-7.013,1,0.141,0.088,0.000141,0.118,0.536,119.036,188973,4
6WBcCwfTB0pmtXKcTq5g1X,52,False,77,5,2017-09-15,1,0.77,0.403,5,-9.178,1,0.0299,0.741,0.00102,0.106,0.515,107.531,238307,3
639Tb5Jo1RF0jPkfKZxkzJ,35,False,79,2,2019-05-31,1,0.272,0.4,9,-10.685,1,0.0355,0.0891,1.8e-05,0.0566,0.0461,89.883,253333,4
6CTpcnesbiKz2ZaqaYFnrE,34,False,79,1,2019-06-28,1,0.696,0.727,6,-6.049,0,0.0555,0.0777,7.54e-06,0.105,0.192,115.919,202107,4
1uTfgYieZbJ2qZ2v2ICndT,38,False,79,1,2018-01-26,1,0.871,0.409,11,-11.66,1,0.0905,0.0902,0.701,0.0615,0.074,105.033,202966,4
6UA7nUuBCi26vW6x0NDyfe,50,False,79,2,2019-05-17,1,0.715,0.405,9,-6.08,1,0.0703,0.0117,7.01e-05,0.333,0.419,76.069,205869,4
2VvOAa2Bfu6cIqg2m73Bvw,52,True,79,11,2019-05-17,1,0.56,0.349,6,-10.0,1,0.0916,0.454,0.00033,0.114,0.169,131.881,187663,4
4wEZUvUuCDlhAMwLBdRW3p,32,False,79,13,2016-10-21,1,0.555,0.739,2,-5.179,1,0.0344,0.184,0.0,0.0579,0.339,77.009,329947,4
4a5WbXXNV0ZYycP806lE1X,51,False,79,1,2017-04-14,1,0.472,0.543,10,-7.11,0,0.271,0.461,3.15e-06,0.0802,0.431,149.789,224082,4
3WNJcD4xvnHrt5q5RuzaeW,33,False,79,1,2019-04-28,1,0.493,0.541,5,-8.917,1,0.0531,0.372,0.0415,0.143,0.0932,128.088,267080,4
6HQ6qMr0qm8EgDOVeJAHH8,38,False,77,3,2017-09-15,1,0.724,0.56,7,-8.732,1,0.301,0.201,0.0,0.0987,0.633,173.902,192067,4
4ODnJrz0C3AJ4DFv8YQhJ8,64,False,79,2,2017-11-03,2,0.636,0.6,6,-6.964,1,0.0288,0.211,0.0,0.141,0.476,100.051,214827,4
5uDMz8kBI5cjnJ2Bh61LHl,42,False,77,11,2017-09-15,1,0.618,0.481,5,-9.648,0,0.0479,0.425,0.00013,0.184,0.615,69.994,185800,4
6181ua0Gipcn6AQvPTVIrT,10,False,79,1,2018-10-05,1,0.717,0.549,0,-5.961,0,0.0561,0.11,0.0,0.0917,0.593,98.057,200816,4
71DyNbXRrq8R5KZcJFNIUl,36,False,79,1,2018-05-01,1,0.771,0.56,9,-9.916,0,0.0371,0.0205,0.000259,0.106,0.492,119.966,182000,4
3nVPr3wSy56cc5LeNHJm9K,37,False,8,1,2018-10-19,2,0.719,0.703,5,-4.93,0,0.0392,0.032,1.14e-05,0.0656,0.72,101.984,223000,4
5nnVxAmIrmtFbegqXkgal9,31,False,79,1,2018-06-29,1,0.58,0.686,7,-10.062,1,0.0545,0.421,0.0472,0.112,0.0439,92.966,347867,4
6iaszgkGRQPWtnqwtw01V2,3,False,0,1,2015-09-10,1,0.825,0.619,11,-4.958,0,0.048,0.0625,4.44e-05,0.279,0.615,123.993,238227,4
6QaYlFhs7IAHP14v3UWHWv,41,False,79,5,2017-09-08,2,0.731,0.601,6,-9.182,0,0.0423,0.0933,0.0154,0.106,0.272,99.027,247933,4
784nbDVm5AcpToGS6k3c7c,54,False,79,1,2019-01-28,2,0.552,0.736,2,-6.3,0,0.0746,0.0297,0.0,0.429,0.635,175.797,177273,4
5Oc6vclYTf91a60pZic8kd,27,False,79,1,2018-04-13,2,0.655,0.848,1,-2.048,1,0.0363,0.419,1.68e-05,0.123,0.427,110.062,185455,4
6C5chXTH7JgOrOBUaY30bH,28,False,67,6,2016-08-19,3,0.705,0.681,8,-6.03,1,0.035,0.072,0.0613,0.305,0.727,125.033,221000,4
12uQkdvag3fHXtVzexizlv,41,False,79,2,2018-06-08,1,0.71,0.568,7,-8.512,0,0.156,0.393,1.6e-06,0.0952,0.472,130.053,182880,3
1kiASsoTtebxF1E0g6iSEf,31,False,78,1,2019-04-30,1,0.744,0.9,4,-6.313,0,0.0658,0.0052,0.114,0.787,0.3,102.99,251319,4
6B4yTawy0HPLPOQ5obI5Gt,44,False,79,5,2018-06-08,1,0.848,0.676,7,-8.045,1,0.191,0.272,1.11e-06,0.0542,0.753,114.995,200893,4
5DujgqxeVEHZVGnfEvbVG3,41,False,77,9,2018-08-24,2,0.581,0.709,9,-6.303,1,0.0848,0.0374,0.0,0.522,0.518,84.985,190588,4
0dhZHpEx7loKBRPPGJ7TnN,0,False,0,1,2015-10-23,1,0.713,0.831,6,-5.952,0,0.0284,0.00868,0.000107,0.0756,0.434,100.004,234760,4
56YjHOutYKR9mzl86loPpz,30,False,79,7,2017-03-03,2,0.727,0.868,7,-6.178,0,0.0415,0.0623,0.0158,0.133,0.536,119.998,274901,4
6s2Xvi1vEQszjdc6c5Aewn,43,False,79,1,2016-11-04,1,0.543,0.797,0,-6.426,1,0.0276,0.0146,0.0271,0.115,0.275,100.956,297040,4
2Ti0MXJYUs59drclUgKe17,40,False,79,6,2016-11-04,1,0.635,0.867,11,-4.15,0,0.0619,0.0514,0.000557,0.0697,0.807,180.041,198587,4
5boqkVlc0CWhfTjksnpc1X,9,False,0,2,2018-07-06,1,0.661,0.684,6,-6.611,1,0.0512,0.121,0.00503,0.157,0.371,125.06,199635,4
05iMQqncVBIm4AE26EvaTL,69,False,41,2,2003-11-18,1,0.77,0.585,0,-8.06,1,0.0285,0.3,0.0,0.116,0.912,116.994,193373,4
1TfqLAPs4K3s2rJMoCokcS,80,False,79,6,1983-01-21,1,0.692,0.711,0,-7.498,0,0.0317,0.227,0.0,0.12,0.875,125.135,216933,4
7abHJG1VIsuKh6w58KesRY,43,False,79,1,2018-09-07,1,0.833,0.717,7,-4.551,0,0.0606,0.426,0.0,0.098,0.684,94.019,187355,4
4nGdBFtVLJJO9CDfTatrjh,11,False,1,1,2018-11-23,3,0.618,0.619,7,-9.479,1,0.0296,0.0171,0.283,0.0846,0.133,109.024,222400,4
5dg1IuhKJlqicUOEPJMqOj,33,False,79,1,2017-03-03,1,0.806,0.569,7,-6.573,0,0.0324,0.0502,0.0703,0.0818,0.0863,121.984,319784,4
2oHb51wRxh6UZJoqyd9llM,26,False,79,10,2017-05-19,2,0.671,0.659,7,-7.1,1,0.0364,0.00202,0.801,0.138,0.316,115.005,294653,4
6zOQHnjsgwMMxsuN7zTGRE,0,False,0,1,2018-06-22,2,0.787,0.743,8,-11.977,0,0.0312,0.103,0.043,0.208,0.913,122.986,238846,4
12Gbz1qkaCAFPGlYVVw6xZ,38,False,3,4,2006-11-14,1,0.651,0.77,0,-8.08,0,0.0274,0.081,6.54e-05,0.114,0.738,112.923,253587,4
4jNQkWhuzqrbqQuqanFFJ6,60,False,77,1,2010-04-12,1,0.333,0.114,9,-21.255,1,0.0453,0.906,0.96,0.119,0.0566,141.839,165160,4
1UF0LHvbTWrgVuQOBiAIYP,3,False,0,2,2010-06-30,1,0.302,0.704,7,-6.851,1,0.0384,0.0174,0.00166,0.36,0.3,166.66,308741,4
2bidSVRvAhQYVrr8E6zdyN,35,False,74,7,2014-11-17,1,0.748,0.752,5,-6.835,0,0.0724,0.0189,5.2e-06,0.119,0.746,86.004,256413,4
3tscRPM6BjVapmT8u3cBOZ,30,False,79,1,2019-04-10,2,0.755,0.305,6,-12.461,0,0.0469,0.521,3.65e-05,0.0577,0.34,129.98,258923,4
2zlOCBcS1CCIUkgpz78ahY,41,False,47,4,2015-07-17,1,0.577,0.731,7,-7.028,0,0.0313,0.238,0.884,0.288,0.308,138.251,256809,4
1RRS9H7wTZ0Sgl2FwpKHdP,45,False,79,1,2017-12-01,1,0.462,0.717,5,-6.769,0,0.0272,0.0114,0.502,0.114,0.0779,144.962,168324,4
1mTlYQ5zMEniInmLrHbMkY,24,False,77,6,2014-10-13,1,0.266,0.62,9,-5.531,0,0.0415,0.0211,0.211,0.086,0.0392,179.75,256280,4
3f56kKYqrscMfZaBHlLLHM,43,False,77,4,2011-05-05,1,0.221,0.481,7,-9.104,0,0.0613,0.17,0.121,0.173,0.267,49.429,286827,4
1U8cqMaKrwCS9N6BZyUxr9,32,False,78,12,2015-08-14,1,0.556,0.363,7,-8.731,1,0.0282,0.613,0.000592,0.102,0.16,139.921,231453,4
5oR6I8LHY77Zu6HkVOwAa1,1,False,0,1,2018-03-09,1,0.677,0.872,0,-3.832,0,0.0372,0.0713,0.136,0.0855,0.857,100.033,230558,4
0RKTuuMsapZAgeNPApGrlE,24,False,79,1,2018-08-03,1,0.709,0.556,6,-7.595,0,0.0442,0.0627,0.0114,0.0886,0.315,102.053,169418,4
66Dsk9as7c39WNUdOOES9r,32,False,1,8,2016-03-18,1,0.497,0.712,0,-7.287,1,0.0913,0.112,0.0247,0.187,0.596,82.303,210653,4
4ntwqHpcvGYPfE8kESEAtz,29,False,2,4,2016-03-25,1,0.778,0.751,3,-6.812,1,0.0434,0.124,0.428,0.0733,0.964,139.979,288200,4
2yOsDXGw9QfECnCnlEJUFO,48,False,79,1,2017-05-12,1,0.788,0.482,4,-6.292,1,0.0298,0.167,2.92e-05,0.183,0.523,95.968,196347,3
2xw9PXlt8IaCWZjfpJ2HPL,60,False,78,1,2018-06-22,2,0.716,0.628,5,-6.231,0,0.0473,0.0212,0.0,0.0617,0.688,97.012,195261,4
3lGMtkONrZdJ8kTCg6KIFf,69,False,79,1,2015-11-13,1,0.585,0.643,3,-8.392,1,0.0395,0.201,0.000306,0.144,0.592,152.98,221800,3
2yox08l4o0FnOL8Ih4yEfM,62,False,79,1,2016-02-27,1,0.629,0.882,0,-3.458,0,0.0312,0.167,0.711,0.0693,0.324,123.973,181935,4
0tASpFk6Jw4pzZEQKoVw4Q,17,False,1,1,2008-09-30,1,0.623,0.392,11,-8.732,1,0.0262,0.602,0.578,0.0892,0.502,95.475,223310,4
6VU94m3VSXcn6CPWhojYoT,9,False,79,1,2019-02-15,2,0.793,0.628,2,-6.513,0,0.0399,0.0161,0.000185,0.142,0.234,120.022,211075,4
1l7Af2MG6UL8o618faV7fS,55,False,79,1,2018-01-30,1,0.588,0.908,9,-5.759,0,0.0394,0.0787,0.155,0.351,0.707,100.016,271262,4
0AKNWA4m7jhh4SdZxKMC0R,57,False,78,1,2019-02-15,2,0.664,0.728,11,-6.085,0,0.0319,0.703,0.252,0.0957,0.268,124.937,192000,4
0R75OBkGbSC6NNvPZ4u9dJ,32,False,79,1,2018-08-18,2,0.845,0.642,1,-6.604,0,0.0498,0.0427,0.0,0.0851,0.864,105.023,182598,4
3uU6dqBjVKRTPis0RrTaT4,65,False,79,8,2005-06-03,1,0.728,0.731,2,-7.075,0,0.0347,0.0331,0.351,0.0888,0.602,130.032,220667,4
7flNdUykV5LYDRv8wQDbsx,52,False,79,1,2018-05-31,1,0.558,0.851,9,-4.12,0,0.242,0.484,0.00787,0.31,0.704,126.399,195533,5
0jGTmc9Z4yczeLzLVaIJgp,39,False,78,2,2014-11-04,1,0.525,0.462,9,-8.668,0,0.127,0.176,0.000755,0.337,0.486,119.922,228640,5
2mjtgiRzdsQj0dqC53SZD0,44,False,66,1,2018-10-25,2,0.727,0.813,6,-5.88,0,0.0387,0.155,0.0454,0.279,0.365,124.029,183436,4
2ZKOM0Rjap2QhAugw63uGS,0,False,0,1,2018-05-11,1,0.725,0.712,5,-9.05,0,0.037,0.432,0.0438,0.172,0.306,121.981,197705,4
4tgnYw4vRdHTOvIajuiEwI,35,False,78,1,2018-12-14,1,0.739,0.451,11,-7.597,0,0.0343,0.0326,0.00109,0.38,0.458,110.029,263182,4
7ylOCfpjsuxM6w7W7b3W91,57,False,79,8,2017-11-03,2,0.68,0.513,4,-9.914,0,0.0365,0.483,7.05e-05,0.0975,0.272,106.953,228707,4
1I8tHoNBFTuoJAlh4hfVVE,76,False,78,5,2016-05-13,2,0.486,0.652,11,-7.226,0,0.052,0.408,6.63e-05,0.077,0.391,113.055,273684,4
1SVm64B4Ry7dqFSxHY8e65,67,False,3,1,1996-01-01,1,0.693,0.804,5,-11.632,1,0.027,0.0741,0.00156,0.124,0.829,104.531,236160,4
6lXPxNJVBoIRUitMJZw64Y,7,False,0,12,2018-09-14,3,0.711,0.829,11,-7.37,0,0.037,0.00163,0.0125,0.0809,0.435,118.021,186093,4
1KpNie4Mbh2TBkEjgQTICT,44,False,76,28,2014-06-03,1,0.894,0.798,3,-5.186,0,0.0844,0.196,1.52e-05,0.137,0.827,131.993,173252,4
5gA9Xn8oPts2aewPgxVkPD,61,False,79,1,2018-01-18,1,0.673,0.782,7,-3.911,1,0.0404,0.0582,1.4e-06,0.391,0.609,121.991,195000,4
452Q2BzTFo0st9C4oXgtmi,53,False,66,1,2018-07-18,1,0.8,0.681,11,-4.486,0,0.0574,0.0287,0.0,0.101,0.72,112.495,200840,4
4Hg78x2saZPrbUin5CFIJt,48,False,79,1,2017-06-30,1,0.885,0.479,0,-11.416,1,0.069,0.0388,0.0225,0.319,0.869,122.959,212653,4
7qBNJBQJJjQjYFZlP3IPhK,54,False,79,1,2014-02-17,1,0.811,0.51,9,-6.474,0,0.0424,0.0197,0.072,0.054,0.641,125.035,260160,4
6xAo6rU5hd55anzorl0rAn,35,False,79,1,2018-06-22,1,0.471,0.835,5,-4.347,0,0.0904,0.328,0.0,0.166,0.369,123.898,294114,4
0pKMDhDrQExUqF6SxUpTpb,56,False,78,1,2018-08-17,2,0.777,0.812,2,-3.206,0,0.0598,0.0125,0.00233,0.0264,0.283,103.023,185105,4
0WVAQaxrT0wsGEG4BCVSn2,63,False,1,1,2018-06-15,2,0.688,0.688,3,-5.84,1,0.0357,0.3,0.0,0.0982,0.451,114.011,193321,4
79Bxfx7zk5cu7mlRnusYYB,33,False,70,3,2018-04-20,3,0.4,0.371,1,-11.718,1,0.0502,0.536,0.918,0.0772,0.22,119.986,615181,5
6A3Q8BVAAI2PW1s6MX4ZGF,59,False,77,4,2007,1,0.779,0.566,11,-9.289,1,0.05,0.323,0.000463,0.0814,0.28,111.022,235497,4
4eSxH5F2IqAHbr9qSVGgq4,33,False,79,1,2018-07-28,1,0.593,0.147,10,-17.738,1,0.0442,0.796,0.79,0.203,0.349,117.04,296607,4
5oGc3vAHn2LQI17rMn1znd,35,False,79,4,2006-01-01,2,0.191,0.0062,9,-26.609,0,0.0445,0.991,0.919,0.0774,0.0406,65.331,385107,4
58lbCRqbuBXXPoR4p8Zg6L,26,False,79,8,2010-01-01,1,0.627,0.123,4,-15.871,1,0.0347,0.88,0.883,0.0785,0.156,143.993,370747,4
0kUIxT2FcNM1EXpgO7IUW3,34,False,79,3,2010-01-01,1,0.646,0.166,3,-17.283,1,0.038,0.71,0.905,0.121,0.214,137.995,301960,4
7C2OUKlFfGq68qCwAhgjkI,37,False,79,1,2009-09-11,1,0.145,0.0308,2,-29.493,0,0.0441,0.822,0.954,0.118,0.0398,66.141,207080,4
6Z7IWJO7pltiHg3LnV6EuQ,31,False,10,8,2008-06-18,1,0.785,0.681,9,-5.039,1,0.0267,0.673,4.95e-06,0.111,0.526,107.017,237147,4
5XkqOjBws8qpEkBW7X5Ppy,51,False,79,7,2018-02-09,2,0.622,0.441,2,-9.674,0,0.0797,0.689,0.000646,0.111,0.57,173.858,348840,4
1Yxo5McSpn4mEFl4yrqhgd,44,False,78,3,2015-11-20,1,0.535,0.34,2,-13.135,1,0.0244,0.837,0.978,0.115,0.262,95.891,254240,4
0SnuyyC6tCDAdCfrgc9OeF,47,False,78,5,2015-11-20,1,0.693,0.396,9,-9.428,1,0.0298,0.826,0.803,0.0847,0.499,93.875,215453,4
5yKQTwznar5I75UyYJ9CnR,60,False,79,8,1995-10-06,1,0.854,0.684,6,-7.333,0,0.0361,0.00854,0.0,0.152,0.673,119.957,205800,4
2nTlUSqBKN7FVsqD9y4MSf,48,False,78,1,2007-06-01,1,0.695,0.958,5,-3.778,1,0.0827,0.0148,7.16e-06,0.154,0.711,108.054,211680,4
02IJFWVjLSM811RsySQusA,7,False,0,1,2017-06-02,2,0.546,0.494,2,-7.426,1,0.157,0.499,0.0,0.108,0.353,153.301,258504,4
28mt2xTTdifz14y1VoLZgo,31,False,79,6,2016-11-11,1,0.438,0.898,4,-6.79,0,0.354,0.639,0.0,0.11,0.46,76.138,258000,4
5rGXHIBXrINjQuab5zLLKM,47,False,79,7,2016-11-11,1,0.586,0.781,7,-7.459,0,0.303,0.484,0.0,0.103,0.44,146.039,291812,4
4OWkKgh87PajVrrxZ0GBsY,34,True,79,9,2016-11-11,1,0.518,0.852,9,-8.136,0,0.369,0.765,0.0,0.0701,0.715,80.52,248615,4
0oK7fjbrgLMBz3cDq4Xdt1,29,False,79,1,2018-05-25,1,0.771,0.528,2,-8.27,1,0.0536,0.00262,0.0419,0.201,0.875,145.976,229474,4
483rz2B4gM6w7m21gsfnTT,55,False,79,9,2019-05-17,1,0.708,0.5,11,-8.359,0,0.13,0.00261,9.42e-06,0.103,0.709,185.786,187778,4
60zOOcCEiHvlK8aneBS74M,52,False,78,4,2018-03-30,1,0.666,0.228,5,-8.415,0,0.0468,0.832,0.000323,0.168,0.178,131.766,254480,4
3tcLRPxS3lrNsLioEV6Wt7,47,False,78,5,2019-03-01,1,0.572,0.552,1,-8.924,0,0.0466,0.00738,0.0255,0.128,0.34,129.891,201093,4
1OzdGvZ6iSzTHVu9QF7dpT,60,False,79,1,2019-07-09,1,0.839,0.573,5,-7.331,1,0.043,0.587,0.00766,0.107,0.662,117.964,199323,4
1dekgAFF9uTCqLsklDaCWb,64,False,79,9,2017-06-23,1,0.483,0.907,8,-7.015,1,0.0413,0.00183,0.0509,0.152,0.296,96.014,221560,4
7KXjTSCq5nL1LoYtL7XAwS,83,True,79,8,2017-04-14,1,0.908,0.621,1,-6.638,0,0.102,0.000282,5.39e-05,0.0958,0.421,150.011,177000,4
6UTn9fLE2Aa11EcHHBhpJf,31,False,0,1,2019-02-22,1,0.82,0.332,6,-12.63,0,0.115,0.686,0.464,0.09,0.414,118.005,292552,4
4BMk6XhlXJW7ZgIS8vSBZk,61,False,79,5,2018-11-09,1,0.652,0.834,8,-6.072,0,0.112,0.244,9.25e-06,0.122,0.643,94.999,225400,4
3PAGiKZQwOwVM3Z80b4UAD,47,False,79,1,2019-03-08,1,0.313,0.652,2,-12.104,0,0.0342,0.291,0.929,0.0843,0.145,126.071,331548,4
2mb51571ds4q4XcOP23rF1,47,False,79,1,2015-08-25,2,0.672,0.685,7,-6.303,1,0.0285,0.437,0.0,0.163,0.557,124.96,237880,4
6HGDxEtcoUsztb2xeVOXTP,59,False,79,7,2019-08-09,1,0.797,0.606,7,-6.41,1,0.0938,0.00549,9.62e-05,0.0954,0.77,99.982,222707,4
2bcptnO33YQMAlkvDvLj3Q,34,False,76,6,2019-08-09,1,0.727,0.382,9,-8.716,0,0.0745,0.697,0.00248,0.122,0.346,105.973,176013,4
158OBD42scT8PrvdqYDvOB,44,False,79,11,2019-08-16,1,0.242,0.764,7,-7.095,0,0.0825,0.0664,0.00521,0.173,0.0956,203.87,290000,3
7grNHTSADMlLZ96mH4wI85,56,False,79,6,2018-11-09,1,0.847,0.346,7,-11.243,1,0.0936,0.00339,0.918,0.0704,0.404,126.009,436150,4
2qgkNY4XCDpftiPRp8GoZt,15,False,2,1,2019-10-24,1,0.84,0.51,5,-7.006,1,0.0354,0.0669,0.000679,0.097,0.386,100.016,198197,4
4tjxC5EVdIDHmJv1aHJbqo,41,True,79,1,2018-02-02,2,0.435,0.597,9,-7.717,1,0.144,0.381,0.00028,0.173,0.469,143.77,228394,4
4KjyuLi3OFmNRIe3NZs6tL,48,False,78,3,2019-05-17,1,0.585,0.575,11,-7.72,0,0.0335,0.48,0.0169,0.113,0.327,104.009,236773,4
7swTZr50nSpeq9469IJ9LI,59,False,79,2,2018-05-04,1,0.604,0.406,0,-9.732,1,0.0569,0.511,0.0051,0.121,0.203,97.021,178477,4
1YEO3CNmgagY8HtREeZNzU,42,False,79,1,2018-06-08,1,0.729,0.689,11,-8.825,0,0.228,0.285,0.000129,0.101,0.452,105.054,182773,4
3onYsieuDICdVt5ULZSExF,63,False,79,5,2019-01-18,2,0.558,0.632,9,-8.339,0,0.284,0.832,0.105,0.198,0.519,161.764,211200,4
5wzjJvNV4DpDtT53KapSLH,53,False,77,1,2017-01-23,1,0.686,0.634,0,-6.856,1,0.0369,0.228,0.0667,0.134,0.234,98.001,232414,4
3kZC0ZmFWrEHdUCmUqlvgZ,64,False,1,5,2005-08-29,1,0.517,0.206,5,-12.233,1,0.0421,0.924,0.0,0.118,0.489,80.401,189187,4
0J0CKDyGeM3Vnx2XMrmC3p,31,False,5,1,2019-01-18,2,0.67,0.651,10,-6.693,1,0.283,0.334,1.77e-06,0.103,0.499,101.996,205733,4
2ZkeWyoWKTzZUR5f0q1U2Q,31,False,79,2,2013-05-27,1,0.805,0.322,2,-11.054,0,0.0875,0.0889,0.487,0.0403,0.374,129.997,210840,4
42GkJhSXzp5XfETsHasskn,34,False,78,1,2017-04-28,1,0.688,0.298,8,-9.179,0,0.0275,0.0159,0.00569,0.125,0.0669,110.045,233510,4
08ahLC8obCMMroTU3DH8wW,34,False,67,2,2014-05-05,1,0.486,0.705,10,-7.361,0,0.522,0.294,0.0,0.142,0.682,95.773,154509,4
3cDdNiSpGwgLosEwufaiTK,39,False,79,3,2017-01-13,1,0.793,0.31,5,-5.256,1,0.052,0.0505,0.0875,0.0617,0.25,75.989,267046,4
1UjtgkSgP7ptxSHG4kzc0G,44,False,79,11,2014-04-07,1,0.603,0.498,2,-9.121,0,0.0355,0.844,0.0592,0.135,0.488,160.064,209827,3
5xl0p7WkEry8QAOxTs28kY,51,False,79,2,2019-09-27,2,0.728,0.544,9,-7.848,0,0.0505,0.35,0.594,0.179,0.246,101.029,217987,4
3M2N3eRZbgFHXXJeCJ63ZS,25,False,79,1,2019-09-27,1,0.638,0.485,10,-10.814,0,0.0484,0.466,0.849,0.118,0.0422,101.003,261453,4
6uHnEgzqlfiSHJwNajOcVj,53,False,78,2,2019-03-01,1,0.687,0.523,2,-8.01,1,0.036,0.00252,8.79e-05,0.108,0.454,95.997,211653,4
1jXRr5iln16y27EM85HMJ3,43,False,77,2,2018-02-09,1,0.422,0.548,2,-7.938,1,0.126,0.0319,0.0623,0.0989,0.202,155.97,302235,4
7MXVkk9YMctZqd1Srtv4MB,85,True,79,1,2016-11-25,2,0.678,0.588,7,-7.015,1,0.276,0.141,6.35e-06,0.137,0.486,186.005,230453,4
4rrrn8OLrttq7r9RgNXalU,56,False,77,2,2012-01-01,4,0.194,0.0545,4,-24.877,1,0.0366,0.983,0.945,0.0551,0.0385,140.966,644273,4
0NS7DFpw5PfCESUJiNRe0n,35,False,79,1,2019-03-15,1,0.681,0.371,2,-9.757,0,0.272,0.713,4.51e-05,0.173,0.137,154.055,147273,3
5klsN513aq5UOsG2Z4bGXa,41,False,72,1,2019-07-19,1,0.761,0.329,11,-12.998,0,0.0909,0.803,0.0,0.0869,0.203,119.949,283596,4
1bw1Er9BDqrXu07PC776fM,18,False,73,6,2020-03-04,3,0.238,0.175,7,-15.894,1,0.0375,0.959,0.925,0.126,0.102,72.055,253980,4
2xizRhme7pYeITbH1NLLGt,63,False,78,10,1976,3,0.109,0.167,4,-18.669,0,0.0382,0.91,0.92,0.109,0.0692,86.554,166867,4
1M5kjPtGCBKx8fTuakNOUG,37,False,18,2,2018-11-16,2,0.51,0.82,10,-3.899,0,0.244,0.097,0.0949,0.373,0.248,105.223,168000,4
1yO91Oyey81Sjp5kb9O1dw,38,False,79,1,2019-06-21,1,0.739,0.719,9,-7.189,0,0.0456,0.225,2.71e-06,0.101,0.51,119.975,223853,4
6zrsezxZAmVnj4eVABRp9P,51,False,78,4,2018-03-30,1,0.67,0.395,8,-16.417,0,0.076,0.78,0.653,0.0935,0.163,109.932,209827,4
3lgoGEEfJNcRBBPKjFFPl8,49,False,79,1,2017-03-24,2,0.393,0.412,9,-11.827,0,0.0819,0.859,0.367,0.105,0.0362,101.966,354393,4
1gcbDj7nfYolTr09LklGlr,56,False,79,5,2017-06-30,1,0.781,0.426,1,-9.541,1,0.0322,0.592,0.571,0.109,0.237,104.981,223584,4
0pAiyIHt9DyHOjWgF41kp6,64,False,78,4,2015-06-01,2,0.729,0.456,6,-6.795,0,0.0528,0.62,0.000133,0.0919,0.221,110.999,219946,4
3wEYsKTvfWeCTa339clXBh,32,False,79,10,2017-01-13,1,0.444,0.525,7,-10.226,0,0.101,0.123,0.125,0.0906,0.0347,116.011,250408,4
0Uy2DEV9vQRFrCg4CLY6wY,53,False,77,12,2017-09-15,1,0.709,0.556,7,-8.911,1,0.0847,0.36,0.000204,0.109,0.232,112.04,222413,4
41KSjv0pSUBipBh9jOOGuO,58,False,79,1,2020-02-04,1,0.699,0.684,7,-10.627,1,0.0485,0.134,0.202,0.0559,0.336,110.011,234453,4
320ePMZ8X0ugeffZk0wNzY,59,False,79,8,2018-04-13,1,0.656,0.508,5,-12.805,0,0.0372,0.605,0.902,0.0787,0.103,113.002,304162,4
0TruFm40GWUA1PZovIGkYw,47,False,79,6,2019-04-12,2,0.723,0.554,7,-8.687,1,0.0518,0.19,0.000251,0.129,0.541,155.93,223183,4
6SOC0NxTEcIdCx9SAArc2Z,32,False,79,1,2019-05-03,1,0.756,0.557,3,-8.13,1,0.325,0.589,0.00233,0.17,0.346,102.079,161841,4
62dHSlq2JM8VD15EHkk5MM,50,False,79,2,2018-11-22,1,0.695,0.759,5,-6.719,0,0.0346,0.00856,0.744,0.092,0.591,109.983,247955,4
5JCUYNmvw0uBYEr4PHASiw,49,False,76,8,2019-02-15,1,0.737,0.351,1,-13.31,0,0.031,0.765,0.0199,0.113,0.304,112.989,232680,4
5bOBc05OJjuCusiPiq90Cm,37,False,1,8,2019-01-18,1,0.68,0.856,10,-6.782,0,0.359,0.774,0.00224,0.332,0.745,74.969,252107,4
2YG3fktEoHQAUlXP9VtmRN,54,False,79,4,2019-04-05,2,0.583,0.48,0,-13.496,0,0.0499,0.515,0.882,0.089,0.0389,109.999,217581,4
1ObT98WfVsnJoL5qC4oL2R,54,False,75,2,2019-03-01,1,0.528,0.619,5,-8.444,0,0.0295,0.103,0.0951,0.623,0.759,151.997,219474,4
6Dk1Ehr4xfkokNRNMV3DSU,28,False,76,3,2015-06-23,1,0.504,0.687,9,-7.367,0,0.179,0.188,0.000122,0.0979,0.605,163.904,200827,4
5Ye9WqscOKU4iI2oIHeFbc,44,False,79,3,2017-03-10,1,0.567,0.77,7,-5.844,1,0.0267,0.00118,0.0046,0.105,0.352,149.973,227243,4
636ieo1frTLl9XvQwalG1o,49,False,79,1,2019-10-03,1,0.795,0.645,1,-11.672,1,0.0675,0.152,0.831,0.108,0.149,120.009,309847,4
5tsI9E9OhvxpV5Y2f7vfmI,33,False,79,8,2015-11-27,1,0.587,0.517,4,-13.042,0,0.0436,0.393,0.852,0.314,0.119,160.07,183947,4
74Dn2KLL8i6sAJoQh6hIRJ,43,False,78,2,2019-01-18,1,0.615,0.753,1,-8.986,0,0.0363,0.126,0.872,0.166,0.281,92.989,355994,4
6ZrauffaDWD1kaN4Z6pFVh,52,False,79,7,2015-11-27,1,0.65,0.592,11,-13.719,0,0.0368,0.589,0.801,0.229,0.119,114.011,272840,4
4swXXrbnCYOK9gGCRdhxq5,36,False,78,3,2019-01-18,2,0.632,0.635,0,-8.93,0,0.0303,0.237,0.728,0.101,0.446,146.978,231630,4
5hRnZ9OwUqMnSZTdT0YyFq,34,False,79,5,2019-06-06,1,0.588,0.511,6,-9.287,1,0.0527,0.742,0.845,0.109,0.038,108.148,381920,4
2NUOINK46uEmMf7mw3H3ZO,39,False,79,1,2020-01-31,2,0.136,0.259,2,-17.325,0,0.035,0.789,0.888,0.0868,0.037,68.116,380000,4
